filename,num_tokens
Q1_0vLPYiPN7qY_0.mid.pkl,355
Q1_0vLPYiPN7qY_2.mid.pkl,904
Q1_1Qc15G0ZHIg_1.mid.pkl,591
Q1_1Qc15G0ZHIg_2.mid.pkl,688
Q1_1Qc15G0ZHIg_3.mid.pkl,590
Q1_1vjy9oMFa8c_2.mid.pkl,445
Q1_1vjy9oMFa8c_4.mid.pkl,322
Q1_1vjy9oMFa8c_5.mid.pkl,994
Q1_2Z9SjI131jA_0.mid.pkl,547
Q1_2Z9SjI131jA_1.mid.pkl,459
Q1_2Z9SjI131jA_10.mid.pkl,363
Q1_2Z9SjI131jA_11.mid.pkl,472
Q1_2Z9SjI131jA_12.mid.pkl,498
Q1_2Z9SjI131jA_13.mid.pkl,592
Q1_2Z9SjI131jA_14.mid.pkl,461
Q1_2Z9SjI131jA_15.mid.pkl,399
Q1_2Z9SjI131jA_2.mid.pkl,626
Q1_2Z9SjI131jA_3.mid.pkl,471
Q1_2Z9SjI131jA_4.mid.pkl,630
Q1_2Z9SjI131jA_7.mid.pkl,560
Q1_2Z9SjI131jA_8.mid.pkl,535
Q1_2Z9SjI131jA_9.mid.pkl,506
Q1_3N2G21U7guk_3.mid.pkl,990
Q1_3N2G21U7guk_5.mid.pkl,564
Q1_3N2G21U7guk_6.mid.pkl,766
Q1_3ahg_eQZhxs_0.mid.pkl,670
Q1_3ahg_eQZhxs_1.mid.pkl,496
Q1_4dXC1cC7crw_0.mid.pkl,654
Q1_4dXC1cC7crw_1.mid.pkl,564
Q1_4ydjOX3pWds_0.mid.pkl,517
Q1_4ydjOX3pWds_1.mid.pkl,400
Q1_5Ju9q1N2x0E_2.mid.pkl,1192
Q1_5NW0zDu6IYM_2.mid.pkl,1370
Q1_60LLKmpgzRM_0.mid.pkl,152
Q1_6Uf9XBUD3wE_0.mid.pkl,348
Q1_6Uf9XBUD3wE_1.mid.pkl,1021
Q1_6kRPHamGDSo_0.mid.pkl,419
Q1_6kRPHamGDSo_1.mid.pkl,420
Q1_6kRPHamGDSo_3.mid.pkl,427
Q1_6wFJhmhNeeg_0.mid.pkl,1004
Q1_7yW9c7t8Hq0_1.mid.pkl,817
Q1_7yW9c7t8Hq0_2.mid.pkl,506
Q1_7yW9c7t8Hq0_3.mid.pkl,960
Q1_8izVTDgBQPc_1.mid.pkl,558
Q1_8rupdevqfuI_1.mid.pkl,342
Q1_8rupdevqfuI_2.mid.pkl,471
Q1_94ROf10d1iA_1.mid.pkl,416
Q1_94ROf10d1iA_2.mid.pkl,158
Q1_94ROf10d1iA_3.mid.pkl,654
Q1_9Yb9OEVwups_0.mid.pkl,451
Q1_9v2WSpn4FCw_0.mid.pkl,379
Q1_9v2WSpn4FCw_1.mid.pkl,337
Q1_9v2WSpn4FCw_10.mid.pkl,546
Q1_9v2WSpn4FCw_2.mid.pkl,516
Q1_9v2WSpn4FCw_6.mid.pkl,482
Q1_ANZf1QXsNrY_0.mid.pkl,559
Q1_ANZf1QXsNrY_1.mid.pkl,622
Q1_ANZf1QXsNrY_2.mid.pkl,420
Q1_ANZf1QXsNrY_3.mid.pkl,541
Q1_ANZf1QXsNrY_4.mid.pkl,726
Q1_ANZf1QXsNrY_5.mid.pkl,656
Q1_BGf5nCdzPOc_0.mid.pkl,925
Q1_BGf5nCdzPOc_1.mid.pkl,753
Q1_Cg2u_Ldjv8g_0.mid.pkl,513
Q1_Cg2u_Ldjv8g_1.mid.pkl,595
Q1_DX1IK3z1w10_1.mid.pkl,597
Q1_Fc1qk52SaKY_0.mid.pkl,798
Q1_Fc1qk52SaKY_1.mid.pkl,704
Q1_FfwKrQyQ7WU_0.mid.pkl,623
Q1_FfwKrQyQ7WU_1.mid.pkl,555
Q1_FfwKrQyQ7WU_3.mid.pkl,528
Q1_GY3f6ckBVkA_0.mid.pkl,470
Q1_GY3f6ckBVkA_2.mid.pkl,694
Q1_GY3f6ckBVkA_3.mid.pkl,501
Q1_GbUV3TXUzeQ_1.mid.pkl,692
Q1_GbUV3TXUzeQ_2.mid.pkl,898
Q1_HY9vPoHbgaI_0.mid.pkl,414
Q1_HY9vPoHbgaI_1.mid.pkl,484
Q1_HY9vPoHbgaI_2.mid.pkl,524
Q1_HY9vPoHbgaI_3.mid.pkl,356
Q1_IH2KrGjKXw0_3.mid.pkl,1054
Q1_Ie5koh4qvJc_12.mid.pkl,1655
Q1_Ie5koh4qvJc_6.mid.pkl,897
Q1_J6X3rVU1H-c_1.mid.pkl,611
Q1_J6X3rVU1H-c_2.mid.pkl,800
Q1_JT1XJnVmABo_2.mid.pkl,771
Q1_JT1XJnVmABo_3.mid.pkl,267
Q1_JT1XJnVmABo_4.mid.pkl,431
Q1_JT1XJnVmABo_5.mid.pkl,463
Q1_JYVXM0qNQAg_0.mid.pkl,631
Q1_JYVXM0qNQAg_2.mid.pkl,723
Q1_Jn9r0avp0fY_0.mid.pkl,951
Q1_Jn9r0avp0fY_2.mid.pkl,910
Q1_Jn9r0avp0fY_3.mid.pkl,695
Q1_K6OFDxBU370_0.mid.pkl,456
Q1_K6OFDxBU370_1.mid.pkl,461
Q1_KxlqB3j0zys_0.mid.pkl,438
Q1_KxlqB3j0zys_1.mid.pkl,355
Q1_NGE9ynTJABg_1.mid.pkl,507
Q1_NGE9ynTJABg_2.mid.pkl,578
Q1_NP0lwB-_-og_1.mid.pkl,792
Q1_POaIGvLsp5M_0.mid.pkl,508
Q1_POaIGvLsp5M_1.mid.pkl,503
Q1_PdwxeMPXOCk_0.mid.pkl,746
Q1_PdwxeMPXOCk_1.mid.pkl,626
Q1_PdwxeMPXOCk_2.mid.pkl,643
Q1_QwsQ8ejbMKg_0.mid.pkl,842
Q1_RaUSISlnhKw_0.mid.pkl,485
Q1_RaUSISlnhKw_1.mid.pkl,887
Q1_RaUSISlnhKw_2.mid.pkl,873
Q1_SQDuF0qxGQw_0.mid.pkl,524
Q1_SQDuF0qxGQw_1.mid.pkl,707
Q1_SQDuF0qxGQw_2.mid.pkl,672
Q1_SlsXsqotUis_0.mid.pkl,862
Q1_T92R7xjce34_1.mid.pkl,447
Q1_TNoaOTrTkTQ_0.mid.pkl,977
Q1_TNoaOTrTkTQ_1.mid.pkl,572
Q1_TNoaOTrTkTQ_2.mid.pkl,466
Q1_UJcnNfeCN1c_2.mid.pkl,504
Q1_UJcnNfeCN1c_3.mid.pkl,348
Q1_UOSlDydo94E_0.mid.pkl,530
Q1_UOSlDydo94E_1.mid.pkl,460
Q1_UOSlDydo94E_2.mid.pkl,594
Q1_UYh88SRZC24_0.mid.pkl,756
Q1_UYh88SRZC24_1.mid.pkl,759
Q1_V3Y9L4UOcpk_2.mid.pkl,844
Q1_VXgRfsVd_o0_0.mid.pkl,395
Q1_VXgRfsVd_o0_1.mid.pkl,936
Q1_VXgRfsVd_o0_2.mid.pkl,672
Q1_WpZ1rWHOCAQ_0.mid.pkl,306
Q1_WpZ1rWHOCAQ_1.mid.pkl,355
Q1_WpZ1rWHOCAQ_2.mid.pkl,648
Q1_Wy2-my19YnY_0.mid.pkl,576
Q1_Wy2-my19YnY_1.mid.pkl,591
Q1_XC_SiJszQx0_3.mid.pkl,853
Q1_Xsn9zT-05ns_0.mid.pkl,765
Q1_Xsn9zT-05ns_1.mid.pkl,956
Q1_Y5JcZQ0xg4Y_0.mid.pkl,225
Q1_Y5JcZQ0xg4Y_1.mid.pkl,534
Q1_Y5JcZQ0xg4Y_2.mid.pkl,619
Q1_Y5JcZQ0xg4Y_3.mid.pkl,850
Q1_ZgT7yq2jsBk_0.mid.pkl,774
Q1__8v0MFBZoco_0.mid.pkl,1356
Q1__8v0MFBZoco_1.mid.pkl,941
Q1__BK2o77sTc0_0.mid.pkl,752
Q1__BK2o77sTc0_1.mid.pkl,706
Q1__SJQaaRzD-A_0.mid.pkl,454
Q1__SJQaaRzD-A_1.mid.pkl,688
Q1__kJtgm1OUNA_0.mid.pkl,562
Q1__kJtgm1OUNA_1.mid.pkl,674
Q1__kJtgm1OUNA_2.mid.pkl,433
Q1_aYe-2Glruu4_0.mid.pkl,593
Q1_aYe-2Glruu4_1.mid.pkl,805
Q1_aYe-2Glruu4_4.mid.pkl,985
Q1_bIx4DwkZxFY_0.mid.pkl,386
Q1_bIx4DwkZxFY_1.mid.pkl,590
Q1_bIx4DwkZxFY_2.mid.pkl,406
Q1_bQS8eAXAhyE_0.mid.pkl,516
Q1_bQS8eAXAhyE_1.mid.pkl,361
Q1_bQS8eAXAhyE_2.mid.pkl,696
Q1_biROWEwkDQQ_3.mid.pkl,593
Q1_cB-Xh8H_7-Q_0.mid.pkl,963
Q1_dfNdpy8TUzA_0.mid.pkl,395
Q1_dfNdpy8TUzA_1.mid.pkl,437
Q1_dfNdpy8TUzA_2.mid.pkl,519
Q1_doM_LWo-74A_0.mid.pkl,480
Q1_doM_LWo-74A_1.mid.pkl,789
Q1_doM_LWo-74A_2.mid.pkl,531
Q1_doM_LWo-74A_3.mid.pkl,384
Q1_doM_LWo-74A_4.mid.pkl,892
Q1_e838BE_MH6s_1.mid.pkl,384
Q1_e838BE_MH6s_2.mid.pkl,686
Q1_e838BE_MH6s_3.mid.pkl,693
Q1_e838BE_MH6s_4.mid.pkl,793
Q1_e8NQ2NH0nc8_0.mid.pkl,471
Q1_e8NQ2NH0nc8_1.mid.pkl,478
Q1_eVMSeElk81Q_0.mid.pkl,381
Q1_eVMSeElk81Q_1.mid.pkl,933
Q1_eVMSeElk81Q_2.mid.pkl,347
Q1_fey-8bOR95E_0.mid.pkl,696
Q1_fey-8bOR95E_1.mid.pkl,724
Q1_fey-8bOR95E_2.mid.pkl,620
Q1_fey-8bOR95E_3.mid.pkl,728
Q1_gSwv8hZGM-s_0.mid.pkl,940
Q1_gSwv8hZGM-s_1.mid.pkl,527
Q1_gwmVjvR-sVs_0.mid.pkl,649
Q1_gwmVjvR-sVs_1.mid.pkl,381
Q1_iFgSjUqI7iM_0.mid.pkl,670
Q1_iFgSjUqI7iM_1.mid.pkl,531
Q1_im4Qxn3GQvo_0.mid.pkl,585
Q1_im4Qxn3GQvo_1.mid.pkl,543
Q1_im4Qxn3GQvo_2.mid.pkl,636
Q1_jziI_cuN_H8_0.mid.pkl,591
Q1_jziI_cuN_H8_1.mid.pkl,670
Q1_jziI_cuN_H8_2.mid.pkl,930
Q1_k4dxAlI5N-k_0.mid.pkl,1018
Q1_k4dxAlI5N-k_1.mid.pkl,1315
Q1_mX-xs3OVhTs_0.mid.pkl,428
Q1_mX-xs3OVhTs_1.mid.pkl,432
Q1_miqLU2739dk_1.mid.pkl,835
Q1_nOIBJHkqrE8_0.mid.pkl,535
Q1_o5AIp2Yc01M_0.mid.pkl,658
Q1_o5AIp2Yc01M_1.mid.pkl,1012
Q1_osxmQReE_2o_0.mid.pkl,831
Q1_pNwQ9Tu_bCs_0.mid.pkl,545
Q1_pNwQ9Tu_bCs_1.mid.pkl,580
Q1_pNwQ9Tu_bCs_2.mid.pkl,648
Q1_qlbazHayULg_8.mid.pkl,929
Q1_r6laJv1-HMg_0.mid.pkl,603
Q1_s5b8viFsVJE_0.mid.pkl,925
Q1_s5b8viFsVJE_1.mid.pkl,899
Q1_s5b8viFsVJE_2.mid.pkl,924
Q1_s6-SbDSZzEU_0.mid.pkl,539
Q1_s6-SbDSZzEU_1.mid.pkl,539
Q1_sUJ4a74Skk8_0.mid.pkl,491
Q1_sZe3IB1OVfw_0.mid.pkl,546
Q1_sZe3IB1OVfw_1.mid.pkl,492
Q1_uqRLEByE6pU_0.mid.pkl,1077
Q1_uqRLEByE6pU_2.mid.pkl,1220
Q1_vv6nrZ2myXw_0.mid.pkl,555
Q1_vv6nrZ2myXw_1.mid.pkl,700
Q1_vv6nrZ2myXw_2.mid.pkl,479
Q1_vv6nrZ2myXw_3.mid.pkl,501
Q1_vv6nrZ2myXw_4.mid.pkl,571
Q1_wnB2cjd6zbE_0.mid.pkl,751
Q1_xrhWli_R98g_1.mid.pkl,732
Q1_xrhWli_R98g_3.mid.pkl,424
Q1_yFw_kO7DF-Y_0.mid.pkl,812
Q1_yFw_kO7DF-Y_1.mid.pkl,719
Q1_yFw_kO7DF-Y_2.mid.pkl,1054
Q1_zHwJG8Rrx6c_0.mid.pkl,398
Q1_zHwJG8Rrx6c_1.mid.pkl,484
Q1_zHwJG8Rrx6c_2.mid.pkl,740
Q1_zHwJG8Rrx6c_3.mid.pkl,515
Q1_zmZHNy9T8Pg_0.mid.pkl,626
Q1_zmZHNy9T8Pg_1.mid.pkl,926
Q1_zmZHNy9T8Pg_2.mid.pkl,582
Q2_--2B4d4lQhs_0.mid.pkl,930
Q2_--2B4d4lQhs_1.mid.pkl,1444
Q2_--2B4d4lQhs_2.mid.pkl,1039
Q2_-jJVb0xvbdg_0.mid.pkl,501
Q2_-jJVb0xvbdg_1.mid.pkl,700
Q2_08t73Qgjkt4_0.mid.pkl,500
Q2_08t73Qgjkt4_1.mid.pkl,373
Q2_08t73Qgjkt4_2.mid.pkl,977
Q2_0H4rq0L9OSw_0.mid.pkl,1132
Q2_0H4rq0L9OSw_1.mid.pkl,989
Q2_0J7lX-Tcx-w_0.mid.pkl,558
Q2_0J7lX-Tcx-w_1.mid.pkl,869
Q2_0J7lX-Tcx-w_2.mid.pkl,648
Q2_0qYNvMCEwaw_0.mid.pkl,860
Q2_0v2N1ROvEI0_0.mid.pkl,1407
Q2_0v2N1ROvEI0_1.mid.pkl,473
Q2_16OaOpfOPZ0_2.mid.pkl,911
Q2_16OaOpfOPZ0_3.mid.pkl,631
Q2_1EDThWjNxOI_0.mid.pkl,339
Q2_1EDThWjNxOI_1.mid.pkl,336
Q2_1Q3MoBFh6eU_1.mid.pkl,770
Q2_1TAKQK3s6qQ_0.mid.pkl,1107
Q2_1kny88W533Q_0.mid.pkl,286
Q2_1kny88W533Q_2.mid.pkl,785
Q2_1kny88W533Q_3.mid.pkl,659
Q2_1kny88W533Q_4.mid.pkl,794
Q2_2uLw9Zs60A4_0.mid.pkl,565
Q2_38i12IPkL5c_0.mid.pkl,672
Q2_38i12IPkL5c_1.mid.pkl,841
Q2_38i12IPkL5c_2.mid.pkl,811
Q2_3ZnxqCZ7qGg_1.mid.pkl,505
Q2_3ZnxqCZ7qGg_2.mid.pkl,567
Q2_3_MxhSS86oU_0.mid.pkl,850
Q2_3_MxhSS86oU_1.mid.pkl,929
Q2_48EYLEAgaBc_0.mid.pkl,261
Q2_48EYLEAgaBc_1.mid.pkl,180
Q2_5CEAeMiXKaA_0.mid.pkl,422
Q2_5NW0zDu6IYM_0.mid.pkl,678
Q2_5NW0zDu6IYM_1.mid.pkl,638
Q2_61EA0xRX8gE_0.mid.pkl,1084
Q2_61EA0xRX8gE_1.mid.pkl,808
Q2_61EA0xRX8gE_3.mid.pkl,962
Q2_61EA0xRX8gE_4.mid.pkl,617
Q2_61EA0xRX8gE_5.mid.pkl,502
Q2_6n8HgIcJ6vo_0.mid.pkl,418
Q2_78C_TpQDvVE_0.mid.pkl,421
Q2_78C_TpQDvVE_1.mid.pkl,624
Q2_7n32BtYb4d4_0.mid.pkl,1004
Q2_7n32BtYb4d4_1.mid.pkl,679
Q2_7n32BtYb4d4_2.mid.pkl,770
Q2_7n32BtYb4d4_3.mid.pkl,637
Q2_8TYY0qG-KOw_1.mid.pkl,604
Q2_8c7kcmsnf-s_0.mid.pkl,755
Q2_8c7kcmsnf-s_1.mid.pkl,843
Q2_8c7kcmsnf-s_2.mid.pkl,744
Q2_9v2WSpn4FCw_1.mid.pkl,814
Q2_9v2WSpn4FCw_2.mid.pkl,539
Q2_9v2WSpn4FCw_3.mid.pkl,907
Q2_9v2WSpn4FCw_4.mid.pkl,1596
Q2_9v2WSpn4FCw_5.mid.pkl,759
Q2_9v2WSpn4FCw_6.mid.pkl,2236
Q2_9v2WSpn4FCw_7.mid.pkl,754
Q2_9v2WSpn4FCw_8.mid.pkl,732
Q2_ANZf1QXsNrY_6.mid.pkl,503
Q2_ANZf1QXsNrY_7.mid.pkl,794
Q2_AWNbcxXDmt0_0.mid.pkl,682
Q2_AacIP9mDLw8_0.mid.pkl,745
Q2_AacIP9mDLw8_2.mid.pkl,816
Q2_BzqX-9TA-GY_1.mid.pkl,392
Q2_CxFXrYgdSSI_0.mid.pkl,383
Q2_CxFXrYgdSSI_1.mid.pkl,1022
Q2_CxFXrYgdSSI_2.mid.pkl,1069
Q2_D-gDPh9ZpFk_0.mid.pkl,730
Q2_D-gDPh9ZpFk_1.mid.pkl,917
Q2_D-gDPh9ZpFk_2.mid.pkl,908
Q2_D5kyjnlDNZs_0.mid.pkl,689
Q2_D5kyjnlDNZs_1.mid.pkl,959
Q2_D5kyjnlDNZs_2.mid.pkl,1167
Q2_DYBBfpEx-JI_0.mid.pkl,779
Q2_DYBBfpEx-JI_1.mid.pkl,611
Q2_DYBBfpEx-JI_2.mid.pkl,752
Q2_DYBBfpEx-JI_3.mid.pkl,805
Q2_Dg935IbDggo_0.mid.pkl,918
Q2_Dg935IbDggo_1.mid.pkl,852
Q2_Dg935IbDggo_2.mid.pkl,723
Q2_Dg935IbDggo_3.mid.pkl,1219
Q2_DhnX54kOW8U_0.mid.pkl,664
Q2_EtAbPc20mn8_0.mid.pkl,574
Q2_FUAK5TBaNY8_1.mid.pkl,605
Q2_GwdQliEv6Z0_0.mid.pkl,798
Q2_GwdQliEv6Z0_1.mid.pkl,489
Q2_Ie5koh4qvJc_10.mid.pkl,676
Q2_Ie5koh4qvJc_11.mid.pkl,962
Q2_Ie5koh4qvJc_13.mid.pkl,1381
Q2_Ie5koh4qvJc_26.mid.pkl,651
Q2_Ie5koh4qvJc_30.mid.pkl,676
Q2_Ie5koh4qvJc_7.mid.pkl,738
Q2_Ie5koh4qvJc_9.mid.pkl,1333
Q2_Iq6g_4AwUWs_0.mid.pkl,795
Q2_Iq6g_4AwUWs_1.mid.pkl,461
Q2_ItGNJM6skM4_1.mid.pkl,937
Q2_ItGNJM6skM4_2.mid.pkl,968
Q2_JMt4m608s3k_0.mid.pkl,659
Q2_JMt4m608s3k_1.mid.pkl,757
Q2_JMt4m608s3k_2.mid.pkl,880
Q2_JT1XJnVmABo_6.mid.pkl,833
Q2_JYVXM0qNQAg_1.mid.pkl,897
Q2_Kk60F8a7-Jw_0.mid.pkl,691
Q2_L3_TadjSQQ0_0.mid.pkl,1238
Q2_L3_TadjSQQ0_1.mid.pkl,1075
Q2_OCqMDeD6Fmc_0.mid.pkl,756
Q2_OCqMDeD6Fmc_2.mid.pkl,1398
Q2_OCqMDeD6Fmc_3.mid.pkl,1161
Q2_P-We4q3goKU_1.mid.pkl,322
Q2_P-We4q3goKU_2.mid.pkl,965
Q2_P-We4q3goKU_3.mid.pkl,1013
Q2_P-We4q3goKU_4.mid.pkl,396
Q2_P-We4q3goKU_5.mid.pkl,742
Q2_P-We4q3goKU_6.mid.pkl,811
Q2_PZN7XLKzLDI_0.mid.pkl,715
Q2_Q5b5unyP8BM_0.mid.pkl,889
Q2_Q5b5unyP8BM_1.mid.pkl,1096
Q2_QmK_SND2jAw_0.mid.pkl,693
Q2_QmK_SND2jAw_1.mid.pkl,986
Q2_RiQMuhk_SuQ_2.mid.pkl,2092
Q2_RiQMuhk_SuQ_3.mid.pkl,1248
Q2_S1T3UF1vhSk_1.mid.pkl,348
Q2_S1T3UF1vhSk_2.mid.pkl,570
Q2_S7Bo4-NCEDk_0.mid.pkl,1089
Q2_S7Bo4-NCEDk_1.mid.pkl,1130
Q2_S7Bo4-NCEDk_2.mid.pkl,530
Q2_TcFVq0leii4_1.mid.pkl,690
Q2_TcFVq0leii4_2.mid.pkl,784
Q2_UAm0aWvzFI8_0.mid.pkl,1023
Q2_UAm0aWvzFI8_1.mid.pkl,916
Q2_UE0y8MHqT-g_1.mid.pkl,1099
Q2_UE0y8MHqT-g_2.mid.pkl,875
Q2_UJcnNfeCN1c_1.mid.pkl,484
Q2_UTo7E0evQWw_0.mid.pkl,570
Q2_Uu-oRTRT6uQ_0.mid.pkl,839
Q2_Uu-oRTRT6uQ_1.mid.pkl,929
Q2_Uu-oRTRT6uQ_2.mid.pkl,516
Q2_WBxql6cuU7c_0.mid.pkl,847
Q2_WQrPcuy50aA_0.mid.pkl,1004
Q2_WQrPcuy50aA_1.mid.pkl,842
Q2_XC_SiJszQx0_1.mid.pkl,653
Q2_XfA2KXodrOE_0.mid.pkl,863
Q2_XfA2KXodrOE_1.mid.pkl,761
Q2_ZTrEoB8T9YA_0.mid.pkl,826
Q2_ZTrEoB8T9YA_1.mid.pkl,459
Q2_ZTrEoB8T9YA_2.mid.pkl,698
Q2_ZdyiXIlKe_Y_0.mid.pkl,560
Q2_ZdyiXIlKe_Y_1.mid.pkl,423
Q2__FVzelKlBFs_0.mid.pkl,812
Q2__FVzelKlBFs_1.mid.pkl,1091
Q2__FVzelKlBFs_2.mid.pkl,569
Q2__S991V8N-8s_1.mid.pkl,578
Q2__vZOEQCYSaY_1.mid.pkl,435
Q2_aYe-2Glruu4_2.mid.pkl,808
Q2_b8HVQtIoBYU_0.mid.pkl,493
Q2_b8HVQtIoBYU_1.mid.pkl,745
Q2_bfopzItCYrE_1.mid.pkl,499
Q2_cFWdWpyvwag_0.mid.pkl,557
Q2_cFWdWpyvwag_1.mid.pkl,1247
Q2_cQp1BYDGcRo_0.mid.pkl,1068
Q2_cQp1BYDGcRo_1.mid.pkl,771
Q2_cm6E860vDjY_0.mid.pkl,696
Q2_cm6E860vDjY_1.mid.pkl,827
Q2_cm6E860vDjY_2.mid.pkl,662
Q2_dtS02mrDMsM_0.mid.pkl,338
Q2_dtS02mrDMsM_1.mid.pkl,930
Q2_dtS02mrDMsM_2.mid.pkl,697
Q2_dtS02mrDMsM_3.mid.pkl,911
Q2_dtS02mrDMsM_4.mid.pkl,616
Q2_eGQUZ9FlUJ4_0.mid.pkl,1004
Q2_eGQUZ9FlUJ4_1.mid.pkl,860
Q2_epX33OVpkmA_0.mid.pkl,985
Q2_epX33OVpkmA_1.mid.pkl,937
Q2_epX33OVpkmA_2.mid.pkl,644
Q2_ezoAduuCkUs_0.mid.pkl,985
Q2_f2BXXa7lPuE_0.mid.pkl,656
Q2_f2BXXa7lPuE_1.mid.pkl,898
Q2_f2BXXa7lPuE_2.mid.pkl,1006
Q2_f2BXXa7lPuE_3.mid.pkl,898
Q2_fuCxYrru2S4_1.mid.pkl,509
Q2_fuCxYrru2S4_2.mid.pkl,797
Q2_gvWDOIiocuE_1.mid.pkl,774
Q2_ijfxkQPAQdE_1.mid.pkl,1453
Q2_ijfxkQPAQdE_2.mid.pkl,1148
Q2_ivCNV47tsRw_0.mid.pkl,760
Q2_ivCNV47tsRw_2.mid.pkl,940
Q2_ivCNV47tsRw_3.mid.pkl,887
Q2_iwxwLEvqeD8_1.mid.pkl,351
Q2_jIKX3ShvLxo_0.mid.pkl,633
Q2_jIKX3ShvLxo_1.mid.pkl,1353
Q2_jIKX3ShvLxo_2.mid.pkl,1186
Q2_jO2zX6Ul8GM_0.mid.pkl,338
Q2_jO2zX6Ul8GM_1.mid.pkl,388
Q2_jTPXwbDtIpA_1.mid.pkl,1349
Q2_jTPXwbDtIpA_2.mid.pkl,934
Q2_jrVXitpLGMk_0.mid.pkl,585
Q2_jrVXitpLGMk_1.mid.pkl,817
Q2_jrVXitpLGMk_2.mid.pkl,894
Q2_k-FNDbK6Qhg_0.mid.pkl,924
Q2_k-FNDbK6Qhg_2.mid.pkl,927
Q2_k4lT-sXg3iI_0.mid.pkl,764
Q2_k4lT-sXg3iI_1.mid.pkl,707
Q2_k4lT-sXg3iI_2.mid.pkl,862
Q2_kKFwiXKlhC8_0.mid.pkl,601
Q2_kKFwiXKlhC8_1.mid.pkl,920
Q2_l-4Kce3YxxQ_0.mid.pkl,899
Q2_l-4Kce3YxxQ_1.mid.pkl,884
Q2_l-4Kce3YxxQ_2.mid.pkl,932
Q2_l-4Kce3YxxQ_3.mid.pkl,836
Q2_l-4Kce3YxxQ_4.mid.pkl,877
Q2_lFznCt5kvXM_0.mid.pkl,973
Q2_lalnGhxT3PQ_0.mid.pkl,866
Q2_lalnGhxT3PQ_1.mid.pkl,963
Q2_miqLU2739dk_0.mid.pkl,633
Q2_mlHheZbblT0_0.mid.pkl,662
Q2_mlHheZbblT0_1.mid.pkl,601
Q2_nOIBJHkqrE8_1.mid.pkl,580
Q2_o20YCzej5_s_0.mid.pkl,822
Q2_pouxqiySdI8_0.mid.pkl,641
Q2_pouxqiySdI8_1.mid.pkl,589
Q2_qlbazHayULg_0.mid.pkl,1616
Q2_qlbazHayULg_1.mid.pkl,1632
Q2_qlbazHayULg_10.mid.pkl,903
Q2_qlbazHayULg_11.mid.pkl,822
Q2_qlbazHayULg_12.mid.pkl,687
Q2_qlbazHayULg_2.mid.pkl,1141
Q2_qlbazHayULg_4.mid.pkl,718
Q2_qlbazHayULg_5.mid.pkl,798
Q2_qlbazHayULg_6.mid.pkl,862
Q2_qlbazHayULg_7.mid.pkl,945
Q2_rEz0D3VohFA_1.mid.pkl,704
Q2_rEz0D3VohFA_2.mid.pkl,1045
Q2_sEQf5lcnj_o_0.mid.pkl,911
Q2_sEQf5lcnj_o_1.mid.pkl,1127
Q2_sEQf5lcnj_o_2.mid.pkl,1321
Q2_sEQf5lcnj_o_3.mid.pkl,1374
Q2_snfsc7pEzlk_0.mid.pkl,544
Q2_snfsc7pEzlk_1.mid.pkl,898
Q2_snfsc7pEzlk_2.mid.pkl,866
Q2_ufRISSD28XA_0.mid.pkl,413
Q2_ufRISSD28XA_1.mid.pkl,574
Q2_x5ibvz38jOs_0.mid.pkl,574
Q2_x5ibvz38jOs_1.mid.pkl,728
Q2_yZGBxiNPu3k_0.mid.pkl,716
Q2_yhIncZ_Ue4E_0.mid.pkl,506
Q2_yhIncZ_Ue4E_1.mid.pkl,482
Q2_yhIncZ_Ue4E_2.mid.pkl,553
Q2_yrvKReuwVlY_0.mid.pkl,421
Q2_yrvKReuwVlY_1.mid.pkl,298
Q2_yrvKReuwVlY_2.mid.pkl,1005
Q2_yrvKReuwVlY_3.mid.pkl,531
Q2_z5ewpQwGDNw_0.mid.pkl,354
Q2_z5ewpQwGDNw_1.mid.pkl,444
Q2_z5ewpQwGDNw_2.mid.pkl,544
Q3_-vAz_HTFEXs_0.mid.pkl,376
Q3_-vAz_HTFEXs_1.mid.pkl,403
Q3_02t1bj7ZABY_0.mid.pkl,220
Q3_02t1bj7ZABY_1.mid.pkl,485
Q3_02t1bj7ZABY_2.mid.pkl,540
Q3_0EWWyyV7RJA_0.mid.pkl,550
Q3_0c2dTJTDUR4_0.mid.pkl,215
Q3_0lEL_XHyhuU_1.mid.pkl,300
Q3_0vLPYiPN7qY_3.mid.pkl,790
Q3_0wRQRwnQiqY_0.mid.pkl,592
Q3_16OaOpfOPZ0_0.mid.pkl,413
Q3_16OaOpfOPZ0_1.mid.pkl,630
Q3_1Q3MoBFh6eU_0.mid.pkl,538
Q3_1Q3MoBFh6eU_2.mid.pkl,574
Q3_1cgO42sh-ZY_0.mid.pkl,298
Q3_1kny88W533Q_1.mid.pkl,336
Q3_2eIsQtm4YNs_0.mid.pkl,405
Q3_2eIsQtm4YNs_1.mid.pkl,492
Q3_2v6gJi03LlA_0.mid.pkl,505
Q3_2v6gJi03LlA_1.mid.pkl,586
Q3_3ZnxqCZ7qGg_0.mid.pkl,295
Q3_4Er-eFHSHA4_1.mid.pkl,575
Q3_4Er-eFHSHA4_2.mid.pkl,579
Q3_4Er-eFHSHA4_3.mid.pkl,647
Q3_77z6Ep3aOmg_1.mid.pkl,652
Q3_7JIdJLkJ0S4_0.mid.pkl,620
Q3_7JIdJLkJ0S4_1.mid.pkl,603
Q3_7JIdJLkJ0S4_2.mid.pkl,402
Q3_7JIdJLkJ0S4_3.mid.pkl,540
Q3_9Xg69XrVaYU_0.mid.pkl,603
Q3_9Xg69XrVaYU_1.mid.pkl,529
Q3_9Xg69XrVaYU_2.mid.pkl,635
Q3_AacIP9mDLw8_1.mid.pkl,577
Q3_Adil-zpJdEs_0.mid.pkl,987
Q3_BIRDDxz0E4c_0.mid.pkl,482
Q3_By3JCii1k3w_0.mid.pkl,655
Q3_By3JCii1k3w_1.mid.pkl,508
Q3_By3JCii1k3w_2.mid.pkl,449
Q3_BzqX-9TA-GY_0.mid.pkl,150
Q3_D3onzY4MNxE_0.mid.pkl,460
Q3_D3onzY4MNxE_1.mid.pkl,438
Q3_D8Ed5PZXfF4_0.mid.pkl,465
Q3_DYBBfpEx-JI_4.mid.pkl,377
Q3_E5qEloUO3SM_1.mid.pkl,498
Q3_FH28sPhm9Dc_0.mid.pkl,517
Q3_FH28sPhm9Dc_1.mid.pkl,727
Q3_FOcdHIhI0_s_0.mid.pkl,325
Q3_FOcdHIhI0_s_1.mid.pkl,447
Q3_FUAK5TBaNY8_0.mid.pkl,809
Q3_FUAK5TBaNY8_2.mid.pkl,643
Q3_FUAK5TBaNY8_3.mid.pkl,442
Q3_G4rL_OtfFAU_0.mid.pkl,756
Q3_G4rL_OtfFAU_1.mid.pkl,1699
Q3_H6_7DjsbROQ_0.mid.pkl,875
Q3_H6_7DjsbROQ_1.mid.pkl,646
Q3_H6_7DjsbROQ_2.mid.pkl,656
Q3_H6_7DjsbROQ_4.mid.pkl,572
Q3_IH2KrGjKXw0_0.mid.pkl,375
Q3_IH2KrGjKXw0_1.mid.pkl,572
Q3_IH2KrGjKXw0_2.mid.pkl,416
Q3_ISCVfmBvYoM_0.mid.pkl,671
Q3_Ie5koh4qvJc_0.mid.pkl,480
Q3_Ie5koh4qvJc_14.mid.pkl,527
Q3_Ie5koh4qvJc_15.mid.pkl,704
Q3_Ie5koh4qvJc_19.mid.pkl,465
Q3_Ie5koh4qvJc_2.mid.pkl,421
Q3_Ie5koh4qvJc_23.mid.pkl,835
Q3_Ie5koh4qvJc_24.mid.pkl,581
Q3_Ie5koh4qvJc_29.mid.pkl,288
Q3_Ie5koh4qvJc_3.mid.pkl,429
Q3_Ie5koh4qvJc_5.mid.pkl,405
Q3_Ie5koh4qvJc_8.mid.pkl,775
Q3_ItGNJM6skM4_0.mid.pkl,862
Q3_JNzqL24ZcZ8_0.mid.pkl,570
Q3_JNzqL24ZcZ8_1.mid.pkl,525
Q3_JNzqL24ZcZ8_2.mid.pkl,504
Q3_JT1XJnVmABo_1.mid.pkl,544
Q3_K84TcgjCRt4_0.mid.pkl,285
Q3_K84TcgjCRt4_1.mid.pkl,480
Q3_K84TcgjCRt4_2.mid.pkl,601
Q3_MbvPxCUMSek_0.mid.pkl,399
Q3_MbvPxCUMSek_1.mid.pkl,274
Q3_MbvPxCUMSek_2.mid.pkl,287
Q3_NTI9ode6bRk_0.mid.pkl,440
Q3_NTI9ode6bRk_1.mid.pkl,492
Q3_OO7zYVeK814_0.mid.pkl,345
Q3_OO7zYVeK814_1.mid.pkl,408
Q3_Oku8sIpTMAE_0.mid.pkl,232
Q3_Oku8sIpTMAE_1.mid.pkl,206
Q3_Oku8sIpTMAE_2.mid.pkl,197
Q3_Oku8sIpTMAE_3.mid.pkl,497
Q3_Oku8sIpTMAE_4.mid.pkl,358
Q3_P-We4q3goKU_0.mid.pkl,469
Q3_PLfFWFZflQU_0.mid.pkl,610
Q3_PLfFWFZflQU_1.mid.pkl,776
Q3_PXOWy7NiZhk_0.mid.pkl,387
Q3_PXOWy7NiZhk_1.mid.pkl,384
Q3_QJlnTN7HRwE_0.mid.pkl,312
Q3_QJlnTN7HRwE_1.mid.pkl,356
Q3_QJlnTN7HRwE_2.mid.pkl,330
Q3_QJlnTN7HRwE_3.mid.pkl,411
Q3_REq37pDAm3A_0.mid.pkl,413
Q3_REq37pDAm3A_1.mid.pkl,450
Q3_REq37pDAm3A_4.mid.pkl,583
Q3_RiQMuhk_SuQ_0.mid.pkl,218
Q3_S1T3UF1vhSk_0.mid.pkl,1011
Q3_TYkTOwBfFB8_0.mid.pkl,545
Q3_TYkTOwBfFB8_1.mid.pkl,733
Q3_TonQX8XbvX8_0.mid.pkl,249
Q3_TonQX8XbvX8_1.mid.pkl,367
Q3_TonQX8XbvX8_2.mid.pkl,365
Q3_TonQX8XbvX8_3.mid.pkl,345
Q3_UE0y8MHqT-g_0.mid.pkl,484
Q3_UJcnNfeCN1c_0.mid.pkl,397
Q3_UuLTvhERcnk_0.mid.pkl,489
Q3_UuLTvhERcnk_1.mid.pkl,635
Q3_VrWAZLRdQO8_0.mid.pkl,251
Q3_VrWAZLRdQO8_1.mid.pkl,230
Q3_X1p8xcarVu0_0.mid.pkl,408
Q3_X1p8xcarVu0_1.mid.pkl,516
Q3_X1p8xcarVu0_2.mid.pkl,401
Q3_X1p8xcarVu0_3.mid.pkl,394
Q3_ZvD8QSO7NPw_2.mid.pkl,1214
Q3__S991V8N-8s_0.mid.pkl,587
Q3__vZOEQCYSaY_0.mid.pkl,534
Q3__vZOEQCYSaY_2.mid.pkl,633
Q3_bbU31JLtlug_0.mid.pkl,549
Q3_bfopzItCYrE_0.mid.pkl,343
Q3_c6CwY8Gbw0c_0.mid.pkl,420
Q3_c6CwY8Gbw0c_1.mid.pkl,567
Q3_c6CwY8Gbw0c_3.mid.pkl,540
Q3_c6CwY8Gbw0c_4.mid.pkl,727
Q3_cCfEDTkuMvg_0.mid.pkl,332
Q3_dCoUuknChhE_0.mid.pkl,337
Q3_egYSmNuIFGk_1.mid.pkl,492
Q3_egYSmNuIFGk_2.mid.pkl,535
Q3_epMOLn5Axw0_0.mid.pkl,532
Q3_f0NbGeyJYms_0.mid.pkl,580
Q3_fnqb8zqHqdY_0.mid.pkl,426
Q3_fnqb8zqHqdY_1.mid.pkl,315
Q3_fnqb8zqHqdY_2.mid.pkl,542
Q3_fuCxYrru2S4_0.mid.pkl,515
Q3_g-yM0Lsp4lc_0.mid.pkl,452
Q3_g-yM0Lsp4lc_1.mid.pkl,209
Q3_gvWDOIiocuE_0.mid.pkl,582
Q3_gvWDOIiocuE_2.mid.pkl,417
Q3_iRu9KQvbtVw_0.mid.pkl,557
Q3_ii1Jw1-7Ka4_0.mid.pkl,256
Q3_ii1Jw1-7Ka4_1.mid.pkl,554
Q3_ijfxkQPAQdE_0.mid.pkl,1241
Q3_ilCcZpD39HU_0.mid.pkl,473
Q3_ilCcZpD39HU_1.mid.pkl,431
Q3_ilCcZpD39HU_2.mid.pkl,479
Q3_ilCcZpD39HU_3.mid.pkl,572
Q3_ilCcZpD39HU_4.mid.pkl,515
Q3_iwxwLEvqeD8_0.mid.pkl,332
Q3_jTPXwbDtIpA_0.mid.pkl,316
Q3_kDGmND1BgmA_0.mid.pkl,238
Q3_kopwU6zpS4k_0.mid.pkl,347
Q3_ldCQ6N9G6Mk_2.mid.pkl,276
Q3_ldCQ6N9G6Mk_3.mid.pkl,522
Q3_ldCQ6N9G6Mk_4.mid.pkl,546
Q3_ltxNPJda7zE_2.mid.pkl,513
Q3_nBIls0laAAU_1.mid.pkl,590
Q3_nBIls0laAAU_2.mid.pkl,815
Q3_nBao46YGZDg_0.mid.pkl,385
Q3_nFunbdBrukY_0.mid.pkl,453
Q3_p2qihp_PnLY_0.mid.pkl,703
Q3_p2qihp_PnLY_1.mid.pkl,621
Q3_pbVGv_g4n50_0.mid.pkl,252
Q3_qRceKZtwRWA_1.mid.pkl,500
Q3_qlbazHayULg_13.mid.pkl,842
Q3_qlbazHayULg_3.mid.pkl,720
Q3_qlbazHayULg_9.mid.pkl,418
Q3_rEz0D3VohFA_0.mid.pkl,176
Q3_rrD7XMtPs0Q_0.mid.pkl,518
Q3_tLmXAWfbGqs_0.mid.pkl,419
Q3_tfuul78deOs_0.mid.pkl,507
Q3_tfuul78deOs_1.mid.pkl,454
Q3_tw_lArYiHTo_0.mid.pkl,855
Q3_uj3Gif77SYM_0.mid.pkl,294
Q3_uj3Gif77SYM_1.mid.pkl,360
Q3_uj3Gif77SYM_4.mid.pkl,1328
Q3_uj3Gif77SYM_5.mid.pkl,1045
Q3_uj3Gif77SYM_6.mid.pkl,886
Q3_uj3Gif77SYM_8.mid.pkl,1426
Q3_v2an-9szi8M_0.mid.pkl,445
Q3_vVTP0DOL_2Q_0.mid.pkl,453
Q3_vVTP0DOL_2Q_1.mid.pkl,488
Q3_vVTP0DOL_2Q_2.mid.pkl,505
Q3_vVTP0DOL_2Q_3.mid.pkl,526
Q3_veG92Oi-DlU_0.mid.pkl,561
Q3_veG92Oi-DlU_1.mid.pkl,589
Q3_veG92Oi-DlU_2.mid.pkl,454
Q3_wS0RzrBL9UI_0.mid.pkl,448
Q3_wS0RzrBL9UI_1.mid.pkl,384
Q3_wS0RzrBL9UI_2.mid.pkl,683
Q3_wfXSdMsd4q8_0.mid.pkl,440
Q3_wfXSdMsd4q8_2.mid.pkl,775
Q3_wlOa1jkTn_U_0.mid.pkl,730
Q3_wlOa1jkTn_U_1.mid.pkl,644
Q3_wlOa1jkTn_U_2.mid.pkl,381
Q3_wqc8iqbDsGM_1.mid.pkl,368
Q3_wqc8iqbDsGM_2.mid.pkl,631
Q3_wqc8iqbDsGM_3.mid.pkl,407
Q3_wqc8iqbDsGM_4.mid.pkl,540
Q3_wxXpvnmq_-E_0.mid.pkl,560
Q3_wxXpvnmq_-E_1.mid.pkl,388
Q3_wxXpvnmq_-E_2.mid.pkl,369
Q3_x4B0raxVODA_0.mid.pkl,245
Q3_x4B0raxVODA_1.mid.pkl,272
Q3_x4B0raxVODA_2.mid.pkl,349
Q3_x4B0raxVODA_3.mid.pkl,303
Q3_xYZ8n8ULaNo_0.mid.pkl,289
Q3_yZGBxiNPu3k_1.mid.pkl,475
Q3_yZGBxiNPu3k_2.mid.pkl,721
Q3_zMa78n8ULtE_0.mid.pkl,341
Q3_zMa78n8ULtE_1.mid.pkl,220
Q3_zjr_-ql5Avk_2.mid.pkl,193
Q3_zvWX_dwQPtU_0.mid.pkl,504
Q3_zvWX_dwQPtU_1.mid.pkl,546
Q3_zvWX_dwQPtU_2.mid.pkl,686
Q4_--2B4d4lQhs_3.mid.pkl,349
Q4_-_FjI4bT2Wo_1.mid.pkl,571
Q4_-_FjI4bT2Wo_2.mid.pkl,308
Q4_0c2dTJTDUR4_1.mid.pkl,394
Q4_12tDlCQVRtA_0.mid.pkl,372
Q4_12tDlCQVRtA_1.mid.pkl,469
Q4_12tDlCQVRtA_2.mid.pkl,604
Q4_170KC2CbJ7Y_0.mid.pkl,512
Q4_170KC2CbJ7Y_1.mid.pkl,284
Q4_1A9Hh2GrDTs_0.mid.pkl,569
Q4_1Qc15G0ZHIg_0.mid.pkl,321
Q4_1fdxsFbnsX4_0.mid.pkl,407
Q4_1fdxsFbnsX4_1.mid.pkl,462
Q4_1vjy9oMFa8c_0.mid.pkl,664
Q4_1vjy9oMFa8c_1.mid.pkl,283
Q4_1vjy9oMFa8c_3.mid.pkl,269
Q4_22S3w4idugs_0.mid.pkl,316
Q4_2Z9SjI131jA_5.mid.pkl,359
Q4_2Z9SjI131jA_6.mid.pkl,529
Q4_2w5XkAt_3WU_0.mid.pkl,336
Q4_3As1t6JySDE_0.mid.pkl,494
Q4_3N2G21U7guk_0.mid.pkl,290
Q4_3N2G21U7guk_1.mid.pkl,399
Q4_3N2G21U7guk_2.mid.pkl,266
Q4_3N2G21U7guk_4.mid.pkl,400
Q4_3TYeU9idRGI_0.mid.pkl,241
Q4_3TYeU9idRGI_1.mid.pkl,238
Q4_5DqIntcmdRI_0.mid.pkl,720
Q4_5DqIntcmdRI_1.mid.pkl,481
Q4_5J_zI7QE9W8_0.mid.pkl,571
Q4_5J_zI7QE9W8_1.mid.pkl,376
Q4_5J_zI7QE9W8_2.mid.pkl,530
Q4_5Ju9q1N2x0E_0.mid.pkl,597
Q4_5Ju9q1N2x0E_1.mid.pkl,807
Q4_61EA0xRX8gE_2.mid.pkl,582
Q4_6kRPHamGDSo_2.mid.pkl,416
Q4_6oLmO9ZSJt0_0.mid.pkl,781
Q4_6oLmO9ZSJt0_1.mid.pkl,235
Q4_7gifuoofgpk_0.mid.pkl,459
Q4_7gifuoofgpk_1.mid.pkl,323
Q4_7yW9c7t8Hq0_0.mid.pkl,299
Q4_8TYY0qG-KOw_0.mid.pkl,555
Q4_9eMxCs-LXCE_0.mid.pkl,279
Q4_9eMxCs-LXCE_1.mid.pkl,376
Q4_9eMxCs-LXCE_2.mid.pkl,617
Q4_9v2WSpn4FCw_9.mid.pkl,427
Q4_ADJ_PDauy-g_0.mid.pkl,250
Q4_ADJ_PDauy-g_1.mid.pkl,466
Q4_ADJ_PDauy-g_2.mid.pkl,354
Q4_AjN_5CdVUdw_0.mid.pkl,500
Q4_B3aRl8iTEKw_0.mid.pkl,693
Q4_B3aRl8iTEKw_1.mid.pkl,817
Q4_BIRDDxz0E4c_1.mid.pkl,325
Q4_BaHHHgDd0BU_0.mid.pkl,574
Q4_BaHHHgDd0BU_1.mid.pkl,640
Q4_Cir1kZyB7QM_0.mid.pkl,490
Q4_Cir1kZyB7QM_1.mid.pkl,273
Q4_CkjAksZstEA_0.mid.pkl,315
Q4_CkjAksZstEA_1.mid.pkl,429
Q4_DX1IK3z1w10_0.mid.pkl,533
Q4_DvIH5yUrboc_0.mid.pkl,640
Q4_DvIH5yUrboc_1.mid.pkl,732
Q4_DvIH5yUrboc_2.mid.pkl,629
Q4_Dw7M69CidJ8_0.mid.pkl,276
Q4_Dw7M69CidJ8_1.mid.pkl,541
Q4_Dw7M69CidJ8_2.mid.pkl,923
Q4_Dw7M69CidJ8_3.mid.pkl,187
Q4_E5qEloUO3SM_0.mid.pkl,617
Q4_E6MARl3zjnQ_0.mid.pkl,600
Q4_FSzOgraSKhs_0.mid.pkl,315
Q4_FSzOgraSKhs_1.mid.pkl,422
Q4_FoTXpYZXxJs_0.mid.pkl,585
Q4_FoTXpYZXxJs_1.mid.pkl,350
Q4_FyK_c-TIcCA_0.mid.pkl,638
Q4_FyK_c-TIcCA_1.mid.pkl,639
Q4_FyK_c-TIcCA_2.mid.pkl,1742
Q4_GAvPwG2wYZM_1.mid.pkl,466
Q4_GbUV3TXUzeQ_0.mid.pkl,522
Q4_Gcbk0GPT3-g_0.mid.pkl,385
Q4_Gcbk0GPT3-g_1.mid.pkl,422
Q4_HQ8ISDX6PiI_0.mid.pkl,703
Q4_HQ8ISDX6PiI_1.mid.pkl,551
Q4_HYVmgq5Y93g_0.mid.pkl,527
Q4_HYVmgq5Y93g_1.mid.pkl,467
Q4_HYVmgq5Y93g_2.mid.pkl,391
Q4_Hwd6l9jK7bo_0.mid.pkl,440
Q4_Hwd6l9jK7bo_1.mid.pkl,387
Q4_I2MrA-o5H8I_0.mid.pkl,732
Q4_I2MrA-o5H8I_1.mid.pkl,748
Q4_I2MrA-o5H8I_2.mid.pkl,948
Q4_Ie5koh4qvJc_1.mid.pkl,382
Q4_Ie5koh4qvJc_16.mid.pkl,207
Q4_Ie5koh4qvJc_17.mid.pkl,372
Q4_Ie5koh4qvJc_20.mid.pkl,546
Q4_Ie5koh4qvJc_21.mid.pkl,852
Q4_Ie5koh4qvJc_27.mid.pkl,683
Q4_Ie5koh4qvJc_28.mid.pkl,611
Q4_Ie5koh4qvJc_32.mid.pkl,461
Q4_Ie5koh4qvJc_4.mid.pkl,903
Q4_IgpNyJVWcBo_0.mid.pkl,633
Q4_J6X3rVU1H-c_0.mid.pkl,251
Q4_JP3QKZlyQz4_0.mid.pkl,331
Q4_JP3QKZlyQz4_1.mid.pkl,375
Q4_JP3QKZlyQz4_2.mid.pkl,299
Q4_JT1XJnVmABo_0.mid.pkl,502
Q4_JT1XJnVmABo_2.mid.pkl,348
Q4_JxSU49jFKwM_0.mid.pkl,410
Q4_JxSU49jFKwM_1.mid.pkl,298
Q4_KRlAez34QfE_0.mid.pkl,411
Q4_KRlAez34QfE_1.mid.pkl,339
Q4_KRlAez34QfE_2.mid.pkl,363
Q4_KxlqB3j0zys_2.mid.pkl,644
Q4_KxlqB3j0zys_3.mid.pkl,702
Q4_KxlqB3j0zys_4.mid.pkl,400
Q4_MT2_mXn-vGU_1.mid.pkl,538
Q4_MT2_mXn-vGU_2.mid.pkl,503
Q4_NP0lwB-_-og_0.mid.pkl,402
Q4_NzJjMGJg1wE_0.mid.pkl,454
Q4_OgkB7PfqWzA_0.mid.pkl,264
Q4_OgkB7PfqWzA_1.mid.pkl,281
Q4_OoxI6k0Qsno_0.mid.pkl,339
Q4_OoxI6k0Qsno_1.mid.pkl,347
Q4_OyaY4213c2A_0.mid.pkl,765
Q4_OyaY4213c2A_1.mid.pkl,498
Q4_PK8YIUaV3Xw_0.mid.pkl,554
Q4_PK8YIUaV3Xw_1.mid.pkl,429
Q4_PZN7XLKzLDI_1.mid.pkl,522
Q4_Q49PWE0RJLY_0.mid.pkl,655
Q4_Q49PWE0RJLY_1.mid.pkl,505
Q4_QBJ6YYYpIyk_0.mid.pkl,329
Q4_T92R7xjce34_0.mid.pkl,442
Q4_TOXg4-ZGb-g_0.mid.pkl,503
Q4_TOXg4-ZGb-g_1.mid.pkl,298
Q4_TOXg4-ZGb-g_2.mid.pkl,304
Q4_Tc684nD8CEA_0.mid.pkl,472
Q4_Tc684nD8CEA_1.mid.pkl,454
Q4_Tc684nD8CEA_2.mid.pkl,590
Q4_Tc684nD8CEA_3.mid.pkl,512
Q4_Tc684nD8CEA_4.mid.pkl,481
Q4_TcFVq0leii4_0.mid.pkl,465
Q4_Tjno89OVuRI_0.mid.pkl,450
Q4_Tjno89OVuRI_1.mid.pkl,594
Q4_UaYYMRkHMYc_0.mid.pkl,971
Q4_UaYYMRkHMYc_1.mid.pkl,1000
Q4_UaYYMRkHMYc_2.mid.pkl,537
Q4_UbKAl4roB8k_0.mid.pkl,597
Q4_UbKAl4roB8k_1.mid.pkl,619
Q4_UbKAl4roB8k_2.mid.pkl,452
Q4_UpHutdJvZMI_0.mid.pkl,412
Q4_UpHutdJvZMI_1.mid.pkl,632
Q4_UpHutdJvZMI_2.mid.pkl,542
Q4_Ury1cdB79s0_0.mid.pkl,356
Q4_V3Y9L4UOcpk_0.mid.pkl,611
Q4_V3Y9L4UOcpk_1.mid.pkl,767
Q4_VCSDjQxAJzc_0.mid.pkl,590
Q4_VCSDjQxAJzc_1.mid.pkl,427
Q4_VCSDjQxAJzc_2.mid.pkl,286
Q4_VXh4IaR5C6s_0.mid.pkl,577
Q4_V_jbWvQNh5c_0.mid.pkl,285
Q4_V_jbWvQNh5c_1.mid.pkl,270
Q4_XC_SiJszQx0_0.mid.pkl,374
Q4_XC_SiJszQx0_2.mid.pkl,313
Q4_XPLYvpyfKUM_0.mid.pkl,368
Q4_XPLYvpyfKUM_1.mid.pkl,364
Q4_XWk5XUEBXmg_0.mid.pkl,366
Q4_Xf2fox7zhCQ_0.mid.pkl,455
Q4_Xf2fox7zhCQ_1.mid.pkl,392
Q4_Xf2fox7zhCQ_2.mid.pkl,472
Q4_Xlv4PPGrRRs_0.mid.pkl,419
Q4_Xlv4PPGrRRs_1.mid.pkl,457
Q4_Y1F0c3zgMJo_0.mid.pkl,490
Q4_Y1F0c3zgMJo_1.mid.pkl,374
Q4_YAAxPW1GB7w_0.mid.pkl,286
Q4_YAAxPW1GB7w_1.mid.pkl,350
Q4_YhXRyOl5pi0_0.mid.pkl,684
Q4__BK2o77sTc0_2.mid.pkl,661
Q4_a5QCcwEjxAk_0.mid.pkl,418
Q4_a5QCcwEjxAk_1.mid.pkl,337
Q4_aQ4PIaRMLwE_1.mid.pkl,545
Q4_aQ4PIaRMLwE_2.mid.pkl,837
Q4_bfopzItCYrE_2.mid.pkl,443
Q4_biROWEwkDQQ_0.mid.pkl,513
Q4_biROWEwkDQQ_1.mid.pkl,688
Q4_biROWEwkDQQ_2.mid.pkl,364
Q4_cXxGBDgFCs8_0.mid.pkl,400
Q4_cXxGBDgFCs8_1.mid.pkl,280
Q4_cXxGBDgFCs8_2.mid.pkl,291
Q4_d_49EtXDMFE_0.mid.pkl,431
Q4_d_49EtXDMFE_2.mid.pkl,318
Q4_e838BE_MH6s_0.mid.pkl,520
Q4_f2b4kpdw7_c_0.mid.pkl,439
Q4_f2b4kpdw7_c_1.mid.pkl,580
Q4_fOYX0uH8mSQ_0.mid.pkl,530
Q4_fShAWhXIits_0.mid.pkl,812
Q4_fShAWhXIits_1.mid.pkl,335
Q4_g15aRCHUJEI_0.mid.pkl,410
Q4_g15aRCHUJEI_1.mid.pkl,421
Q4_g15aRCHUJEI_2.mid.pkl,452
Q4_gwmVjvR-sVs_2.mid.pkl,243
Q4_gxsdWKc1QaM_0.mid.pkl,751
Q4_heBmBQDWj-M_0.mid.pkl,499
Q4_heBmBQDWj-M_1.mid.pkl,517
Q4_heBmBQDWj-M_2.mid.pkl,317
Q4_hoPp_GLXQis_0.mid.pkl,653
Q4_hoPp_GLXQis_1.mid.pkl,408
Q4_iGHgeUCPotc_0.mid.pkl,336
Q4_iXiSFSGws-c_1.mid.pkl,537
Q4_iXiSFSGws-c_2.mid.pkl,420
Q4_j8Ir-ssM-AA_0.mid.pkl,819
Q4_j8Ir-ssM-AA_1.mid.pkl,487
Q4_jCLgDtk695I_0.mid.pkl,400
Q4_jCLgDtk695I_1.mid.pkl,440
Q4_jCLgDtk695I_3.mid.pkl,465
Q4_jCLgDtk695I_4.mid.pkl,317
Q4_jNzZCplNNyY_0.mid.pkl,477
Q4_jNzZCplNNyY_1.mid.pkl,507
Q4_jO2zX6Ul8GM_2.mid.pkl,466
Q4_jSWItJI-Gmk_0.mid.pkl,375
Q4_jSWItJI-Gmk_1.mid.pkl,390
Q4_k-FNDbK6Qhg_1.mid.pkl,521
Q4_k6aLLVX1D7Y_0.mid.pkl,612
Q4_k6aLLVX1D7Y_1.mid.pkl,684
Q4_k6aLLVX1D7Y_2.mid.pkl,464
Q4_kMHiU0fhWVw_0.mid.pkl,414
Q4_kMHiU0fhWVw_1.mid.pkl,485
Q4_kMHiU0fhWVw_2.mid.pkl,497
Q4_kMHiU0fhWVw_3.mid.pkl,435
Q4_kfYaGryaGzI_0.mid.pkl,418
Q4_kfYaGryaGzI_1.mid.pkl,222
Q4_lQCrA2TE-fo_0.mid.pkl,420
Q4_lQCrA2TE-fo_1.mid.pkl,437
Q4_lTxVVdhFE6Q_0.mid.pkl,693
Q4_lTxVVdhFE6Q_1.mid.pkl,585
Q4_ldCQ6N9G6Mk_0.mid.pkl,174
Q4_ldCQ6N9G6Mk_1.mid.pkl,499
Q4_ldCQ6N9G6Mk_5.mid.pkl,1005
Q4_ltNK_MY1HkM_0.mid.pkl,317
Q4_ltNK_MY1HkM_1.mid.pkl,222
Q4_ltNK_MY1HkM_2.mid.pkl,171
Q4_ltxNPJda7zE_0.mid.pkl,293
Q4_ltxNPJda7zE_1.mid.pkl,340
Q4_ltxNPJda7zE_3.mid.pkl,451
Q4_ltxNPJda7zE_4.mid.pkl,226
Q4_lvfNo4KOTmM_0.mid.pkl,388
Q4_lvfNo4KOTmM_1.mid.pkl,326
Q4_mGYKWCVnMwQ_0.mid.pkl,551
Q4_mGYKWCVnMwQ_1.mid.pkl,656
Q4_nGkpcWNAxDU_1.mid.pkl,739
Q4_nGkpcWNAxDU_2.mid.pkl,542
Q4_oTi57hZfArE_0.mid.pkl,350
Q4_oTi57hZfArE_1.mid.pkl,304
Q4_oTi57hZfArE_2.mid.pkl,382
Q4_pRuwHN-lI44_1.mid.pkl,513
Q4_pRuwHN-lI44_3.mid.pkl,476
Q4_pkz8OkWhwnk_0.mid.pkl,531
Q4_pkz8OkWhwnk_1.mid.pkl,599
Q4_prUUays30Mg_0.mid.pkl,386
Q4_prUUays30Mg_1.mid.pkl,325
Q4_pzeHffxmdcE_0.mid.pkl,532
Q4_q4T8Znozvkk_0.mid.pkl,299
Q4_qRceKZtwRWA_0.mid.pkl,330
Q4_rDhbGjFlKF8_0.mid.pkl,497
Q4_rDhbGjFlKF8_1.mid.pkl,336
Q4_rW1I58_lMEg_0.mid.pkl,430
Q4_rW1I58_lMEg_1.mid.pkl,428
Q4_rW1I58_lMEg_2.mid.pkl,423
Q4_rW1I58_lMEg_3.mid.pkl,679
Q4_r_sD61KeUQU_0.mid.pkl,583
Q4_sA9ac1rod84_0.mid.pkl,487
Q4_sA9ac1rod84_1.mid.pkl,653
Q4_uUtnyA6tLnI_0.mid.pkl,612
Q4_u_7b9CwyM8Q_0.mid.pkl,425
Q4_u_7b9CwyM8Q_1.mid.pkl,371
Q4_v3Nl5rUxLqE_0.mid.pkl,410
Q4_v3Nl5rUxLqE_1.mid.pkl,254
Q4_vBHoSz8cJIE_0.mid.pkl,327
Q4_vBHoSz8cJIE_1.mid.pkl,357
Q4_vBHoSz8cJIE_2.mid.pkl,293
Q4_vBHoSz8cJIE_3.mid.pkl,677
Q4_vBHoSz8cJIE_4.mid.pkl,231
Q4_vJ77eDxHezE_0.mid.pkl,758
Q4_vJ77eDxHezE_1.mid.pkl,771
Q4_vpTguZtJAFA_0.mid.pkl,497
Q4_vpTguZtJAFA_1.mid.pkl,330
Q4_vpTguZtJAFA_2.mid.pkl,520
Q4_wzSr6qR3Ra0_0.mid.pkl,463
Q4_xgtwQGeB6_0_0.mid.pkl,496
Q4_xrhWli_R98g_0.mid.pkl,621
Q4_xrhWli_R98g_2.mid.pkl,369
Q4_yC0fAQxGgr0_0.mid.pkl,409
Q4_yC0fAQxGgr0_1.mid.pkl,625
